ID,time16,time18,time20,time21,time23.5,time28
WT_ADH,1.482133525,1.948441014,2.670083154,3.28995909,4.177574251,5.584280685
None,0.59131349,0.65647474,0.605440015,0.603108046,0.779143437,0.928316484
Asc_WT MC,1.111165114,1.82772679,2.403067207,3.066276419,3.883070421,5.286366706
Amo_WT MC,0.704468662,1.240694514,1.655133745,2.012331396,2.6091651,3.496094943
Amo_i378MC,1.188914494,1.781204573,2.341246348,2.886586236,3.704435588,5.092071254