ID,time21,time23,time25,time30
WT,2.91211925,3.698009523,4.11784877,5.84246827
null,0.727111392,0.817151211,0.842797657,1.112639854
N13S,2.585161725,3.38900451,3.83899566,5.443423438
S49A,2.719008445,3.545655773,3.961058878,5.589400235
T137I,2.678320706,3.499145597,3.932501214,5.449107245
V147I,2.680330833,3.500531891,3.894863322,5.527363562
I158V,2.824782705,3.600691659,4.021639942,5.732881701
G164N,2.8148707,3.574421381,3.996755958,5.667864495
E165P,2.777787326,3.547735214,3.985526974,5.772737664
L167I,2.889106763,3.746044623,4.175449301,6.06136415
K172I,2.727811414,3.508711028,3.946086899,5.715275763
L193I,2.710344105,3.479460217,4.010688216,5.595569245
V194I,2.73626781,3.464626867,3.955305756,5.548365922
A7E,2.361067241,2.939845137,3.433851132,5.003482923
R160L,2.960154349,3.78229622,4.176142448,5.935349992