ID,time17,time22,time26,time30,time38.5
wt,1.870172226,3.876395002,5.100463957,6.325221823,8.967127503
ni,1.321085515,1.453263616,2.004115169,2.050920258,2.00692903
V23F,1.605708464,3.027241918,4.113651132,5.225709093,7.660488797
L378I,1.896082719,3.87023297,5.086952561,6.337634178,9.023479507
V23F/L378I,2.009598625,3.739802045,4.967317776,6.221609819,8.91165626