ID,time3,time6,time9,time12,time15.5
WT,-3.101092789,-2.273026291,-1.38230234,-0.25007344,0.823432927
NI,-4.017383521,-3.816712826,-3.649658741,-3.506557897,-3.442019376
E7A,-3.218875825,-2.430418465,-1.742969305,-0.801985961,0.202940844
T13N,-3.244193633,-2.375155786,-1.418817553,-0.280359356,0.731241556
N151A,-3.123565645,-2.26336438,-1.465337568,-0.421213465,0.661269442
E7A/T13N,-3.194183212,-2.44184716,-1.682008605,-0.566446758,0.462572239
E7A/N151A,-3.270169119,-2.525728644,-1.720369473,-0.727979398,0.320548787
T13N/N151A,-3.057607677,-2.253794929,-1.366491734,-0.299378112,0.715852568
T13N/N151A,-3.170085661,-2.292634762,-1.390302383,-0.299853404,0.739669968
E7A/T13N/N151A,-3.194183212,-2.364460497,-1.551169004,-0.573002869,0.430565871