ID,time4,time5.5,time8.5,time9.5,time13.5
WT,-2.154165088,-1.731605546,-0.974606894,-0.74940361,0.349208679
NI,-2.764620553,-2.659260037,-2.529206909,-2.517085548,-2.33075597
T5S,-2.063568193,-1.766091722,-0.941235197,-0.697038236,0.360331094
E7A,-2.292634762,-2.071473372,-1.323063513,-1.164315124,-0.241379849
T13N,-2.120263536,-1.801809805,-0.94046677,-0.778575653,0.194873493
N151A,-2.162823151,-1.877317358,-0.967791026,-0.741936221,0.231825865
E7A/T13N,-2.154165088,-1.857899272,-1.044388409,-0.900600516,0.149221608
E7A/N151A,-2.171556831,-1.832581464,-1.044124103,-0.872555338,0.219977904
E7A/T13N/N151A,-2.128631786,-1.766091722,-1.003211204,-0.819164021,0.207989304