ID,time3,time6,time11,time18,time28
WT,-3.123565645,-2.47693848,-1.070024832,0.977512949,4.336454143
NI,-3.688879454,-3.575550769,-3.352407217,-2.937463365,-2.718100537
E7A,-3.123565645,-2.63108916,-1.414693836,0.300217461,3.30076688
V23F,-3.244193633,-2.70306266,-1.692819521,-0.178202778,2.70380073
L378I,-3.101092789,-2.396895772,-1.220779923,0.972046612,4.307704972
T13N/N151A,-3.123565645,-2.3330443,-1.194022473,0.858625299,4.165257256
V23F/T13N,-3.324236341,-2.813410717,-1.725971729,-0.191624268,2.669658761
V23F/N151A,-3.170085661,-2.590267165,-1.650259907,-0.16480726,2.590362589
V23F/T13N/N151A,-3.218875825,-2.764620553,-1.682008605,-0.183223782,2.408009897
E7A/L378I,-3.270169119,-2.645075402,-1.570217199,0.037719139,3.235009074