ID,time4.5,time6.5,time8.5,time12,time14.5
WT,-1.94984557,-1.458682274,-0.889673189,0.189452939,0.7526926
NI,-2.508128798,-2.394986267,-2.332184163,-2.18030207,-2.060873236
T5S,-1.923854357,-1.375236071,-0.949354492,0.182414097,0.762697523
E7A,-2.013231133,-1.609274588,-1.22774319,-0.354415571,0.184782216
T13N,-1.924334404,-1.469050433,-0.955898396,0.123592447,0.666597837
N151A,-1.929175943,-1.465873397,-1.028781797,0.084650581,0.59296902
E7A/T13N,-2.027795387,-1.527660831,-1.064632606,-0.160315425,0.440037385
E7A/N151A,-1.970969918,-1.478106114,-1.019066666,-0.058227957,0.541474273
E7A/T13N/N151A,-2.123526071,-1.509691138,-1.123862939,-0.139425308,0.427583302